,ticker,open,high,low,close,volume,timestamp
0,RPAY,14.79,15.19,14.76,15.08,168787.0,2020-01-02
1,RPAY,14.96,15.1614,14.72,14.99,150418.0,2020-01-03
2,RPAY,15.18,15.3,14.57,15.18,222346.0,2020-01-06
3,RPAY,15.15,15.54,15.05,15.39,281569.0,2020-01-07
4,RPAY,15.34,15.62,15.24,15.32,539638.0,2020-01-08
5,RPAY,15.34,15.61,15.34,15.52,177070.0,2020-01-09
6,RPAY,15.57,16.18,15.44,15.91,321885.0,2020-01-10
7,RPAY,16.06,16.6488,15.79,15.9,234054.0,2020-01-13
8,RPAY,15.93,16.045,15.47,15.92,211863.0,2020-01-14
9,RPAY,15.9,16.19,15.69,15.74,465815.0,2020-01-15
10,RPAY,15.84,15.9199,15.5,15.78,229927.0,2020-01-16
11,RPAY,15.87,16.12,15.63,15.97,277453.0,2020-01-17
12,RPAY,16.08,16.29,15.97,16.14,317869.0,2020-01-21
13,RPAY,16.28,16.7599,15.99,16.13,520415.0,2020-01-22
14,RPAY,16.13,16.2599,15.87,15.97,1258571.0,2020-01-23
15,RPAY,16.52,16.73,15.98,16.58,458502.0,2020-01-24
16,RPAY,16.29,17.2,16.1,16.91,443674.0,2020-01-27
17,RPAY,17.05,17.0897,16.6502,16.78,145212.0,2020-01-28
18,RPAY,16.86,16.89,16.5,16.71,109981.0,2020-01-29
19,RPAY,16.57,17.19,16.32,16.92,698086.0,2020-01-30
20,RPAY,17.0,17.24,16.77,16.91,203714.0,2020-01-31
21,RPAY,16.9,17.2425,16.7997,17.04,281984.0,2020-02-03
22,RPAY,17.18,18.23,17.14,17.8,1783724.0,2020-02-04
23,RPAY,17.86,17.95,17.18,17.35,410128.0,2020-02-05
24,RPAY,17.37,17.73,17.24,17.58,280532.0,2020-02-06
25,RPAY,17.57,17.72,17.53,17.69,247401.0,2020-02-07
26,RPAY,17.65,17.965,17.635,17.9,748689.0,2020-02-10
27,RPAY,18.11,18.37,17.9,18.11,788085.0,2020-02-11
28,RPAY,18.28,18.33,18.11,18.26,238171.0,2020-02-12
29,RPAY,18.26,18.55,18.25,18.41,327497.0,2020-02-13
30,RPAY,18.54,18.87,18.33,18.62,363734.0,2020-02-14
31,RPAY,18.9,19.31,18.45,19.01,531501.0,2020-02-18
32,RPAY,19.18,19.57,19.01,19.4,669181.0,2020-02-19
33,RPAY,19.4,19.5797,19.0,19.08,505300.0,2020-02-20
34,RPAY,19.25,19.285,18.76,19.09,522999.0,2020-02-21
35,RPAY,18.82,18.945,18.36,18.63,411970.0,2020-02-24
36,RPAY,18.69,18.82,17.875,17.96,426327.0,2020-02-25
37,RPAY,17.93,18.15,17.8,18.0,482542.0,2020-02-26
38,RPAY,17.78,18.24,17.35,17.4,738568.0,2020-02-27
39,RPAY,17.04,17.78,17.04,17.53,661344.0,2020-02-28
40,RPAY,17.92,18.25,17.75,18.11,616726.0,2020-03-02
41,RPAY,18.35,18.58,17.8353,17.98,849180.0,2020-03-03
42,RPAY,18.27,18.68,18.0,18.42,349738.0,2020-03-04
43,RPAY,18.18,18.96,18.03,18.15,705690.0,2020-03-05
44,RPAY,18.0,18.12,17.34,17.9,556905.0,2020-03-06
45,RPAY,17.11,17.54,16.79,17.42,905865.0,2020-03-09
46,RPAY,17.9,18.14,17.465,18.08,862448.0,2020-03-10
47,RPAY,17.8,18.09,17.2,17.34,937017.0,2020-03-11
48,RPAY,16.47,16.79,14.05,14.42,800276.0,2020-03-12
49,RPAY,15.04,16.6,14.7,16.35,766370.0,2020-03-13
50,RPAY,14.9,16.72,13.46,13.47,1039060.0,2020-03-16
51,RPAY,14.15,16.48,13.714,15.54,1088677.0,2020-03-17
52,RPAY,14.96,15.86,11.81,12.14,1240860.0,2020-03-18
53,RPAY,12.12,13.74,11.9,12.24,1529649.0,2020-03-19
54,RPAY,12.94,13.015,11.43,11.75,1728099.0,2020-03-20
55,RPAY,11.84,12.05,10.69,11.35,1176973.0,2020-03-23
56,RPAY,11.82,12.99,11.73,12.7,1000467.0,2020-03-24
57,RPAY,12.75,14.42,12.71,13.74,965306.0,2020-03-25
58,RPAY,13.86,15.5,13.86,15.26,630154.0,2020-03-26
59,RPAY,14.72,14.8428,14.01,14.06,440276.0,2020-03-27
60,RPAY,14.07,15.22,13.88,14.94,721464.0,2020-03-30
61,RPAY,14.81,15.135,14.01,14.35,521742.0,2020-03-31
62,RPAY,13.69,14.31,13.21,13.53,616193.0,2020-04-01
63,RPAY,13.5,13.97,13.15,13.5,736489.0,2020-04-02
64,RPAY,13.34,13.48,12.37,13.06,899514.0,2020-04-03
65,RPAY,13.53,14.12,12.82,14.06,969744.0,2020-04-06
66,RPAY,14.57,15.76,14.12,14.92,1097491.0,2020-04-07
67,RPAY,15.05,15.59,14.57,14.67,637553.0,2020-04-08
68,RPAY,14.87,15.08,13.52,14.97,567046.0,2020-04-09
69,RPAY,14.91,14.93,14.04,14.82,360256.0,2020-04-13
70,RPAY,14.93,15.63,14.52,15.15,711328.0,2020-04-14
71,RPAY,15.31,15.58,14.41,15.35,342177.0,2020-04-15
72,RPAY,15.37,15.92,15.2,15.41,519728.0,2020-04-16
73,RPAY,15.74,16.145,14.76,14.83,529703.0,2020-04-17
74,RPAY,14.64,15.51,14.5,15.05,298792.0,2020-04-20
75,RPAY,14.84,15.4,14.7,15.21,950340.0,2020-04-21
76,RPAY,15.6,16.71,15.42,16.57,577880.0,2020-04-22
77,RPAY,16.5,16.56,15.53,15.9,354695.0,2020-04-23
78,RPAY,16.1,16.85,15.97,16.26,470516.0,2020-04-24
79,RPAY,16.56,17.18,16.37,16.92,886188.0,2020-04-27
80,RPAY,17.18,17.98,17.12,17.95,1188927.0,2020-04-28
81,RPAY,18.12,18.95,17.88,17.97,1944421.0,2020-04-29
82,RPAY,17.91,18.14,17.5435,17.87,584926.0,2020-04-30
83,RPAY,17.48,17.53,16.94,17.46,595808.0,2020-05-01
84,RPAY,17.43,17.886,16.97,17.35,564323.0,2020-05-04
85,RPAY,17.47,18.02,17.3,17.7,664862.0,2020-05-05
86,RPAY,17.95,18.0,16.97,17.33,584208.0,2020-05-06
87,RPAY,17.63,17.738,17.19,17.28,356709.0,2020-05-07
88,RPAY,17.41,17.96,17.11,17.94,464935.0,2020-05-08
89,RPAY,17.77,17.82,16.73,16.84,729756.0,2020-05-11
90,RPAY,18.0,18.76,17.9,18.31,1177242.0,2020-05-12
91,RPAY,18.7,18.7,17.87,18.66,1087845.0,2020-05-13
92,RPAY,18.38,19.3,18.1931,19.18,580269.0,2020-05-14
93,RPAY,19.24,20.32,18.97,19.99,991810.0,2020-05-15
94,RPAY,20.48,20.745,20.1,20.35,524285.0,2020-05-18
95,RPAY,20.69,21.34,20.35,20.97,798740.0,2020-05-19
96,RPAY,21.17,21.88,21.03,21.67,807601.0,2020-05-20
97,RPAY,21.61,23.03,21.4,22.43,554043.0,2020-05-21
98,RPAY,22.36,23.51,22.36,23.0,595185.0,2020-05-22
99,RPAY,23.69,23.7,21.9,22.02,867132.0,2020-05-26
100,RPAY,20.92,21.655,20.07,21.07,837562.0,2020-05-27
101,RPAY,20.61,21.155,19.38,20.62,890507.0,2020-05-28
102,RPAY,22.63,23.38,21.35,23.04,3808976.0,2020-05-29
103,RPAY,23.42,24.0587,22.8,23.06,1626426.0,2020-06-01
104,RPAY,23.28,23.99,22.68,23.18,1002493.0,2020-06-02
105,RPAY,23.19,24.015,23.14,23.5,912270.0,2020-06-03
106,RPAY,23.44,23.875,23.04,23.67,457203.0,2020-06-04
107,RPAY,23.72,24.09,23.65,23.86,961005.0,2020-06-05
108,RPAY,24.04,26.05,24.04,25.27,836934.0,2020-06-08
109,RPAY,25.29,26.15,25.03,25.95,432595.0,2020-06-09
110,RPAY,26.32,26.7936,25.3,25.71,683850.0,2020-06-10
111,RPAY,24.03,25.26,23.98,24.25,777618.0,2020-06-11
112,RPAY,24.88,25.97,24.31,24.54,604354.0,2020-06-12
113,RPAY,24.2,26.42,23.99,25.99,1048632.0,2020-06-15
114,RPAY,26.59,26.61,25.28,26.45,534791.0,2020-06-16
115,RPAY,26.87,27.06,25.735,25.93,452222.0,2020-06-17
116,RPAY,25.94,26.43,25.5,25.71,380611.0,2020-06-18
117,RPAY,26.21,26.83,24.63,25.34,1101996.0,2020-06-19
118,RPAY,25.26,25.73,24.84,25.72,463176.0,2020-06-22
119,RPAY,26.03,26.39,25.555,25.74,459242.0,2020-06-23
120,RPAY,25.89,26.27,25.125,26.2,530984.0,2020-06-24
121,RPAY,27.0,27.93,26.11,26.8,1053008.0,2020-06-25
122,RPAY,27.1,27.25,25.26,25.98,6260580.0,2020-06-26
123,RPAY,26.27,26.27,24.1,25.26,972732.0,2020-06-29
124,RPAY,25.01,25.31,24.23,24.63,1085707.0,2020-06-30
125,RPAY,24.46,25.095,24.28,24.94,625321.0,2020-07-01
126,RPAY,25.16,25.55,24.53,25.02,619125.0,2020-07-02
127,RPAY,25.0,26.09,25.0,25.9,627844.0,2020-07-06
128,RPAY,25.68,26.03,25.26,25.37,347981.0,2020-07-07
129,RPAY,25.41,25.7,24.58,25.67,448618.0,2020-07-08
130,RPAY,26.33,26.39,25.1,25.37,784975.0,2020-07-09
131,RPAY,25.37,25.74,24.78,25.72,443218.0,2020-07-10
132,RPAY,25.96,26.19,24.34,24.35,528340.0,2020-07-13
133,RPAY,24.76,24.8,23.39,24.07,498824.0,2020-07-14
134,RPAY,24.13,25.31,24.05,25.28,710240.0,2020-07-15
135,RPAY,25.05,25.8631,24.795,24.98,428019.0,2020-07-16
136,RPAY,24.92,25.31,24.54,25.29,305275.0,2020-07-17
137,RPAY,25.01,25.43,24.49,25.08,469486.0,2020-07-20
138,RPAY,25.21,25.28,23.68,23.74,664136.0,2020-07-21
139,RPAY,23.74,24.29,23.27,23.49,585930.0,2020-07-22
140,RPAY,23.41,23.87,22.63,22.95,784740.0,2020-07-23
141,RPAY,23.6,23.6,22.04,22.53,944596.0,2020-07-24
142,RPAY,22.65,23.41,22.65,23.1,629973.0,2020-07-27
143,RPAY,23.0,23.0525,22.31,22.4,373871.0,2020-07-28
144,RPAY,22.29,22.68,21.85,22.65,661278.0,2020-07-29
145,RPAY,22.38,22.76,21.89,21.97,615520.0,2020-07-30
146,RPAY,22.0,22.2,21.39,22.13,839580.0,2020-07-31
147,RPAY,22.35,24.07,22.25,23.96,1712908.0,2020-08-03
148,RPAY,24.0,24.75,23.8875,24.34,408644.0,2020-08-04
149,RPAY,24.32,24.86,24.08,24.49,377998.0,2020-08-05
150,RPAY,24.48,24.78,24.23,24.73,276550.0,2020-08-06
151,RPAY,24.65,25.27,24.51,24.73,558868.0,2020-08-07
152,RPAY,25.0,25.2121,24.5975,24.84,751134.0,2020-08-10
153,RPAY,23.79,26.47,23.06,24.8,887579.0,2020-08-11
154,RPAY,25.12,25.57,23.96,24.0,483214.0,2020-08-12
155,RPAY,23.9,24.89,23.19,23.78,775795.0,2020-08-13
156,RPAY,23.64,23.84,23.25,23.5,1306179.0,2020-08-14
157,RPAY,23.72,24.2199,23.32,24.11,1071166.0,2020-08-17
158,RPAY,24.14,24.26,23.29,24.01,1710054.0,2020-08-18
159,RPAY,24.26,26.29,24.26,25.81,1159979.0,2020-08-19
160,RPAY,25.66,26.5249,25.26,25.38,676118.0,2020-08-20
161,RPAY,25.5,25.95,25.21,25.39,485002.0,2020-08-21
162,RPAY,25.45,25.62,24.375,24.97,466027.0,2020-08-24
163,RPAY,24.83,25.01,24.47,24.62,294362.0,2020-08-25
164,RPAY,24.73,24.9,23.94,24.36,519857.0,2020-08-26
165,RPAY,24.49,25.0,24.27,24.94,495207.0,2020-08-27
166,RPAY,25.06,26.13,24.695,25.94,873099.0,2020-08-28
167,RPAY,25.75,25.88,24.81,25.3,576309.0,2020-08-31
168,RPAY,25.53,27.51,25.46,26.99,1695036.0,2020-09-01
169,RPAY,27.43,27.79,25.095,25.95,903174.0,2020-09-02
170,RPAY,25.69,25.69,24.02,24.25,990032.0,2020-09-03
171,RPAY,24.13,24.33,22.43,23.62,675962.0,2020-09-04
172,RPAY,22.97,24.03,22.8001,23.54,435560.0,2020-09-08
173,RPAY,23.96,24.83,23.73,24.24,415163.0,2020-09-09
174,RPAY,24.0,24.47,22.86,23.38,4316917.0,2020-09-10
175,RPAY,23.65,24.03,22.42,23.0,2243564.0,2020-09-11
176,RPAY,23.45,23.735,23.21,23.295,1290431.0,2020-09-14
177,RPAY,23.14,23.675,23.01,23.3,845289.0,2020-09-15
178,RPAY,23.48,23.85,23.06,23.16,976580.0,2020-09-16
179,RPAY,23.46,24.22,23.19,23.38,1255465.0,2020-09-17
180,RPAY,23.63,24.36,22.94,23.94,4135880.0,2020-09-18
181,RPAY,23.45,23.82,22.9,23.08,777316.0,2020-09-21
182,RPAY,23.23,24.31,22.87,24.11,1176907.0,2020-09-22
183,RPAY,23.99,24.815,23.97,24.09,979023.0,2020-09-23
184,RPAY,23.92,24.27,23.53,23.76,910917.0,2020-09-24
185,RPAY,23.84,24.43,23.53,24.26,1262425.0,2020-09-25
186,RPAY,24.42,24.85,23.91,24.14,670897.0,2020-09-28
187,RPAY,24.435,24.59,23.65,23.81,864203.0,2020-09-29
188,RPAY,23.76,24.2,23.26,23.5,737764.0,2020-09-30
189,RPAY,23.58,24.03,23.2501,23.85,993956.0,2020-10-01
190,RPAY,23.34,23.92,23.25,23.68,435156.0,2020-10-02
191,RPAY,23.62,24.39,23.27,24.24,531901.0,2020-10-05
192,RPAY,24.32,24.8,24.14,24.46,591641.0,2020-10-06
193,RPAY,24.79,25.4091,24.61,25.2,905325.0,2020-10-07
194,RPAY,25.54,25.7,24.92,25.29,582771.0,2020-10-08
195,RPAY,25.33,25.46,25.0,25.12,429439.0,2020-10-09
196,RPAY,25.3,25.38,24.46,24.6,332102.0,2020-10-12
197,RPAY,24.57,25.12,24.45,24.83,278223.0,2020-10-13
198,RPAY,24.93,25.2199,24.75,24.92,342933.0,2020-10-14
199,RPAY,24.51,24.9,23.94,24.06,717479.0,2020-10-15
200,RPAY,24.05,24.3,23.13,23.5,534704.0,2020-10-16
201,RPAY,23.64,23.82,23.01,23.06,343513.0,2020-10-19
202,RPAY,23.12,24.09,23.12,23.62,499810.0,2020-10-20
203,RPAY,23.64,23.76,22.75,22.82,398174.0,2020-10-21
204,RPAY,22.94,23.59,22.21,23.55,961104.0,2020-10-22
205,RPAY,23.68,23.68,23.09,23.34,545157.0,2020-10-23
206,RPAY,23.01,23.22,22.54,22.99,462299.0,2020-10-26
207,RPAY,23.25,24.41,23.15,24.31,474118.0,2020-10-27
208,RPAY,23.91,23.91,23.24,23.26,470036.0,2020-10-28
209,RPAY,23.18,23.61,23.0,23.25,356109.0,2020-10-29
210,RPAY,23.16,23.34,21.9,22.53,656987.0,2020-10-30
211,RPAY,22.8,23.72,22.6,23.52,871773.0,2020-11-02
212,RPAY,23.8,25.08,23.71,24.81,830227.0,2020-11-03
213,RPAY,25.1,26.09,24.97,25.93,968978.0,2020-11-04
214,RPAY,26.14,26.62,25.77,26.05,474576.0,2020-11-05
215,RPAY,26.2,26.5,25.89,25.93,453946.0,2020-11-06
216,RPAY,26.64,27.7,26.12,26.49,852504.0,2020-11-09
217,RPAY,25.48,26.0,22.38,23.41,2509103.0,2020-11-10
218,RPAY,23.51,24.35,23.295,23.34,892314.0,2020-11-11
219,RPAY,23.43,23.72,22.39,22.53,1370526.0,2020-11-12
220,RPAY,22.93,23.18,22.45,22.94,669175.0,2020-11-13
221,RPAY,23.18,23.39,22.31,22.72,1174683.0,2020-11-16
222,RPAY,22.6,22.84,21.76,22.6,988566.0,2020-11-17
223,RPAY,22.52,22.85,22.03,22.075,658684.0,2020-11-18
224,RPAY,21.95,22.25,21.7,22.15,496111.0,2020-11-19
225,RPAY,21.94,22.19,21.32,21.58,571472.0,2020-11-20
226,RPAY,21.74,21.95,21.45,21.72,421235.0,2020-11-23
227,RPAY,21.89,23.2999,21.668,23.17,623311.0,2020-11-24
228,RPAY,23.17,24.53,22.9066,24.105,941096.0,2020-11-25
229,RPAY,24.1,24.5,23.86,24.0,155005.0,2020-11-27
230,RPAY,24.565,24.6499,23.595,24.13,984928.0,2020-11-30
231,RPAY,24.34,24.63,23.93,24.03,631700.0,2020-12-01
232,RPAY,23.9,24.46,23.3743,24.345,356711.0,2020-12-02
233,RPAY,24.26,24.64,23.82,23.87,539438.0,2020-12-03
234,RPAY,24.05,24.49,23.87,24.4,414114.0,2020-12-04
235,RPAY,24.33,25.035,24.144,24.69,327266.0,2020-12-07
236,RPAY,24.52,25.33,24.51,24.95,852693.0,2020-12-08
237,RPAY,25.38,25.38,23.73,23.9,445116.0,2020-12-09
238,RPAY,23.75,24.51,23.06,23.19,589251.0,2020-12-10
239,RPAY,22.92,23.19,22.35,23.05,585459.0,2020-12-11
240,RPAY,23.3,23.89,23.075,23.77,749600.0,2020-12-14
241,RPAY,23.685,24.73,23.385,24.67,522419.0,2020-12-15
242,RPAY,24.75,25.445,24.52,24.85,1195518.0,2020-12-16
243,RPAY,25.14,25.65,25.0,25.59,1056342.0,2020-12-17
244,RPAY,25.73,26.85,25.51,26.6,1850885.0,2020-12-18
245,RPAY,25.62,27.47,25.485,27.05,784963.0,2020-12-21
246,RPAY,27.15,28.42,27.02,27.9,1006087.0,2020-12-22
247,RPAY,28.01,28.27,27.67,27.77,446488.0,2020-12-23
248,RPAY,27.79,27.82,27.42,27.74,172955.0,2020-12-24
249,RPAY,28.02,28.1094,27.44,27.58,422691.0,2020-12-28
250,RPAY,27.87,27.96,26.37,26.85,379796.0,2020-12-29
251,RPAY,27.1,27.65,26.97,27.2,279129.0,2020-12-30
252,RPAY,27.22,27.36,26.83,27.25,233391.0,2020-12-31
253,RPAY,27.49,27.66,26.1,26.49,509997.0,2021-01-04
254,RPAY,26.37,26.685,26.14,26.32,699764.0,2021-01-05
255,RPAY,26.21,26.88,25.78,26.5,862437.0,2021-01-06
256,RPAY,26.5,26.92,26.015,26.29,681865.0,2021-01-07
257,RPAY,26.37,27.27,26.37,26.93,541462.0,2021-01-08
258,RPAY,26.46,26.57,25.74,25.9,325936.0,2021-01-11
259,RPAY,26.0,26.13,25.4,25.69,373973.0,2021-01-12
260,RPAY,23.34,25.62,22.66,24.74,4952319.0,2021-01-13
261,RPAY,25.67,26.0,24.5,24.76,8003910.0,2021-01-14
262,RPAY,24.65,25.33,24.0,24.17,1490484.0,2021-01-15
263,RPAY,24.33,25.16,24.2147,25.12,1876940.0,2021-01-19
264,RPAY,25.03,25.52,24.2,24.41,2348808.0,2021-01-20
265,RPAY,24.5,25.05,24.26,24.34,953638.0,2021-01-21
266,RPAY,24.21,25.0,24.07,24.69,1105350.0,2021-01-22
267,RPAY,24.7,24.75,24.05,24.17,717235.0,2021-01-25
268,RPAY,24.22,24.53,24.05,24.17,1106036.0,2021-01-26
269,RPAY,24.0,24.2,22.59,22.75,1599211.0,2021-01-27
270,RPAY,23.1,23.68,22.68,23.14,1347236.0,2021-01-28
271,RPAY,23.03,23.14,21.35,22.15,2938555.0,2021-01-29
272,RPAY,22.55,23.47,22.4,23.3,1263966.0,2021-02-01
273,RPAY,23.685,24.95,23.31,24.42,1085856.0,2021-02-02
274,RPAY,24.61,25.19,24.265,25.0,774540.0,2021-02-03
275,RPAY,25.26,25.42,24.81,25.0,740235.0,2021-02-04
276,RPAY,24.98,25.32,24.5,25.05,742227.0,2021-02-05
277,RPAY,25.25,26.29,25.25,26.03,873699.0,2021-02-08
278,RPAY,25.99,26.1,25.38,25.76,745990.0,2021-02-09
279,RPAY,25.82,26.01,25.46,25.55,501044.0,2021-02-10
280,RPAY,25.56,25.6,24.86,25.25,985286.0,2021-02-11
281,RPAY,25.21,25.25,24.56,24.78,931164.0,2021-02-12
282,RPAY,25.05,25.205,24.37,24.49,1299915.0,2021-02-16
283,RPAY,24.2,24.3396,23.45,23.76,788221.0,2021-02-17
284,RPAY,23.41,24.05,23.37,23.88,578134.0,2021-02-18
285,RPAY,24.05,24.41,23.84,24.22,996111.0,2021-02-19
286,RPAY,23.91,24.55,23.5,24.32,763702.0,2021-02-22
287,RPAY,23.8,24.085,22.8,23.095,1095412.0,2021-02-23
288,RPAY,23.53,23.53,22.63,22.84,996742.0,2021-02-24
289,RPAY,22.59,22.87,21.42,21.57,1149594.0,2021-02-25
290,RPAY,21.74,22.22,21.26,21.8,1485673.0,2021-02-26
291,RPAY,22.37,22.7,22.21,22.63,850834.0,2021-03-01
292,RPAY,24.5,25.32,23.81,25.0,2377821.0,2021-03-02
293,RPAY,25.12,25.29,23.97,24.39,1853910.0,2021-03-03
294,RPAY,24.24,24.565,22.38,23.75,1445302.0,2021-03-04
295,RPAY,23.84,24.18,21.62,22.96,1939623.0,2021-03-05
296,RPAY,22.69,24.37,22.52,22.77,1331149.0,2021-03-08
297,RPAY,23.29,24.64,23.1,23.51,641838.0,2021-03-09
298,RPAY,23.58,24.52,23.43,24.37,1157207.0,2021-03-10
299,RPAY,24.88,25.29,24.71,25.09,1019499.0,2021-03-11
300,RPAY,25.0,25.34,24.65,24.94,614403.0,2021-03-12
301,RPAY,25.0,25.72,24.5,25.68,631102.0,2021-03-15
302,RPAY,25.65,25.93,25.19,25.35,722781.0,2021-03-16
303,RPAY,25.24,25.59,24.87,25.39,488736.0,2021-03-17
304,RPAY,25.03,25.41,23.96,23.98,484262.0,2021-03-18
305,RPAY,23.97,24.6,23.61,23.81,1330186.0,2021-03-19
306,RPAY,23.84,24.365,23.56,24.05,297836.0,2021-03-22
307,RPAY,23.94,24.72,23.23,23.32,480320.0,2021-03-23
308,RPAY,24.1,24.24,22.71,22.75,699096.0,2021-03-24
309,RPAY,22.51,22.8,21.92,22.6,851586.0,2021-03-25
310,RPAY,22.58,22.9097,22.29,22.86,487723.0,2021-03-26
311,RPAY,22.8,22.99,21.91,22.89,828973.0,2021-03-29
312,RPAY,23.0,23.15,22.25,23.05,635126.0,2021-03-30
313,RPAY,22.37,23.75,22.37,23.48,548985.0,2021-03-31
314,RPAY,23.7,24.14,23.48,23.59,840805.0,2021-04-01
315,RPAY,23.86,23.86,23.08,23.4,370584.0,2021-04-05
316,RPAY,23.22,24.02,23.22,23.97,374116.0,2021-04-06
317,RPAY,23.83,24.54,23.39,24.06,415981.0,2021-04-07
318,RPAY,23.85,24.54,23.76,24.48,492026.0,2021-04-08
319,RPAY,24.5,24.68,23.76,24.22,377348.0,2021-04-09
320,RPAY,24.09,24.31,23.56,24.01,517212.0,2021-04-12
321,RPAY,24.03,24.08,23.23,23.73,440737.0,2021-04-13
322,RPAY,23.79,24.4,23.41,23.62,1045860.0,2021-04-14
323,RPAY,23.66,24.48,23.45,23.65,330131.0,2021-04-15
324,RPAY,23.81,23.87,22.95,23.86,515532.0,2021-04-16
325,RPAY,23.8,24.23,23.57,24.08,773668.0,2021-04-19
326,RPAY,23.98,24.5,23.375,23.61,480180.0,2021-04-20
327,RPAY,23.43,23.575,22.21,22.36,734101.0,2021-04-21
328,RPAY,22.48,23.72,22.36,23.33,1071867.0,2021-04-22
329,RPAY,23.28,23.75,23.06,23.5,510071.0,2021-04-23
330,RPAY,23.59,24.21,23.54,23.89,951875.0,2021-04-26
331,RPAY,23.97,23.97,23.43,23.52,412787.0,2021-04-27
332,RPAY,23.36,23.79,23.15,23.43,560549.0,2021-04-28
333,RPAY,23.44,23.649,22.72,23.29,235317.0,2021-04-29
334,RPAY,22.98,23.2173,22.67,22.85,392103.0,2021-04-30
335,RPAY,22.88,23.15,22.03,22.09,460662.0,2021-05-03
336,RPAY,22.0,22.46,21.44,22.31,1143535.0,2021-05-04
337,RPAY,22.56,22.69,21.08,21.38,614001.0,2021-05-05
338,RPAY,21.27,21.345,20.18,21.26,947288.0,2021-05-06
339,RPAY,21.46,22.1,21.28,21.49,600479.0,2021-05-07
340,RPAY,21.16,21.66,20.34,20.79,1039185.0,2021-05-10
341,RPAY,21.36,23.16,20.4465,21.76,1678407.0,2021-05-11
342,RPAY,21.59,22.65,21.34,21.68,980154.0,2021-05-12
343,RPAY,21.58,22.66,21.525,22.22,1017687.0,2021-05-13
344,RPAY,22.52,23.24,22.26,23.12,797013.0,2021-05-14
345,RPAY,22.82,23.0387,22.03,22.58,589047.0,2021-05-17
346,RPAY,22.73,23.44,22.525,22.6,639313.0,2021-05-18
347,RPAY,22.17,22.7,21.84,22.43,726055.0,2021-05-19
348,RPAY,22.53,23.56,22.27,23.55,697104.0,2021-05-20
349,RPAY,23.8,24.0,23.11,23.36,635336.0,2021-05-21
350,RPAY,23.5,23.96,23.18,23.82,748333.0,2021-05-24
351,RPAY,24.0,24.4,23.28,23.31,611445.0,2021-05-25
352,RPAY,23.38,23.57,22.63,22.97,689745.0,2021-05-26
353,RPAY,23.12,23.48,22.74,23.27,487560.0,2021-05-27
354,RPAY,23.31,23.5015,22.57,22.71,311719.0,2021-05-28
355,RPAY,22.65,23.24,22.52,23.22,582606.0,2021-06-01
356,RPAY,23.28,23.54,23.12,23.34,362451.0,2021-06-02
357,RPAY,23.2,23.36,22.905,23.25,407373.0,2021-06-03
358,RPAY,23.32,24.2602,23.32,24.2,543804.0,2021-06-04
359,RPAY,24.27,25.01,23.8252,24.47,544864.0,2021-06-07
360,RPAY,24.64,25.0,24.5,24.6,604212.0,2021-06-08
361,RPAY,24.99,25.0,23.67,23.71,447156.0,2021-06-09
362,RPAY,23.49,23.94,23.4,23.8,1076299.0,2021-06-10
363,RPAY,23.92,24.16,23.56,24.01,413121.0,2021-06-11
364,RPAY,24.05,24.515,23.85,24.3,318846.0,2021-06-14
365,RPAY,24.38,24.59,23.62,23.76,219616.0,2021-06-15
366,RPAY,23.75,23.98,23.3,23.77,440673.0,2021-06-16
367,RPAY,23.72,25.0,23.72,24.73,410680.0,2021-06-17
368,RPAY,24.54,25.05,24.135,24.83,1152854.0,2021-06-18
369,RPAY,24.61,25.18,24.57,24.8,395610.0,2021-06-21
370,RPAY,24.72,24.94,24.12,24.66,605537.0,2021-06-22
371,RPAY,24.68,24.76,24.105,24.19,341719.0,2021-06-23
372,RPAY,24.39,24.89,23.89,24.31,517174.0,2021-06-24
373,RPAY,24.43,24.67,24.11,24.25,2639577.0,2021-06-25
374,RPAY,24.55,24.59,23.79,24.37,477778.0,2021-06-28
375,RPAY,24.51,24.6,24.17,24.37,318467.0,2021-06-29
376,RPAY,24.39,24.61,23.67,24.04,559420.0,2021-06-30
377,RPAY,24.08,24.4,23.8,24.26,676225.0,2021-07-01
378,RPAY,24.4,24.62,24.15,24.45,348723.0,2021-07-02
379,RPAY,24.4,24.73,23.88,24.65,493372.0,2021-07-06
380,RPAY,24.88,25.0,23.88,24.02,644857.0,2021-07-07
381,RPAY,23.62,23.78,23.045,23.66,438031.0,2021-07-08
382,RPAY,23.76,24.87,23.6,24.82,1318838.0,2021-07-09
383,RPAY,24.95,24.98,24.4,24.9,464885.0,2021-07-12
384,RPAY,24.76,25.15,24.3966,24.76,390257.0,2021-07-13
385,RPAY,24.94,25.01,24.27,24.31,177705.0,2021-07-14
386,RPAY,24.16,24.6,23.96,24.19,214856.0,2021-07-15
387,RPAY,24.42,24.7,23.66,23.88,450095.0,2021-07-16
388,RPAY,23.43,24.27,23.3,23.64,543652.0,2021-07-19
389,RPAY,23.79,24.66,23.57,24.1,825887.0,2021-07-20
390,RPAY,24.08,24.77,24.06,24.74,604955.0,2021-07-21
391,RPAY,24.84,25.13,24.16,24.21,599457.0,2021-07-22
392,RPAY,24.23,24.71,24.19,24.68,154964.0,2021-07-23
393,RPAY,24.67,24.985,24.44,24.89,317875.0,2021-07-26
394,RPAY,24.82,25.0,24.18,24.76,457794.0,2021-07-27
395,RPAY,24.92,25.535,24.85,25.29,585741.0,2021-07-28
396,RPAY,25.34,25.75,25.025,25.15,760246.0,2021-07-29
397,RPAY,24.95,25.06,24.26,24.91,724420.0,2021-07-30
398,RPAY,25.11,25.22,24.14,24.19,495739.0,2021-08-02
399,RPAY,24.22,24.38,22.84,22.87,698717.0,2021-08-03
400,RPAY,22.71,23.36,22.65,23.27,340981.0,2021-08-04
401,RPAY,23.44,24.25,23.0717,23.91,368414.0,2021-08-05
402,RPAY,23.99,24.49,23.85,24.05,334385.0,2021-08-06
403,RPAY,24.2,24.63,23.78,24.36,504235.0,2021-08-09
404,RPAY,23.3,24.48,22.4,22.98,1876705.0,2021-08-10
405,RPAY,22.96,23.12,22.4,23.01,902116.0,2021-08-11
406,RPAY,22.95,23.135,22.38,22.56,525290.0,2021-08-12
407,RPAY,22.74,23.2791,22.375,22.51,367023.0,2021-08-13
408,RPAY,22.29,22.42,21.78,22.29,356541.0,2021-08-16
409,RPAY,22.15,22.5,21.8,21.96,424159.0,2021-08-17
410,RPAY,21.85,22.26,21.61,22.16,1363137.0,2021-08-18
411,RPAY,22.05,22.21,21.43,21.53,682911.0,2021-08-19
412,RPAY,21.47,21.88,21.38,21.8,344146.0,2021-08-20
413,RPAY,21.76,22.9225,21.76,22.75,611715.0,2021-08-23
414,RPAY,22.94,23.225,22.59,22.6,371224.0,2021-08-24
415,RPAY,22.55,22.66,22.2975,22.36,563173.0,2021-08-25
416,RPAY,22.21,22.42,22.03,22.21,384028.0,2021-08-26
417,RPAY,22.26,22.94,22.08,22.85,326630.0,2021-08-27
418,RPAY,22.96,23.29,22.76,23.04,340346.0,2021-08-30
419,RPAY,23.04,23.23,22.86,23.01,335213.0,2021-08-31
420,RPAY,23.315,23.315,22.92,23.17,278611.0,2021-09-01
421,RPAY,23.415,23.61,23.13,23.57,307036.0,2021-09-02
422,RPAY,23.45,23.98,23.45,23.73,329831.0,2021-09-03
423,RPAY,23.81,23.89,23.16,23.2,384439.0,2021-09-07
424,RPAY,23.2,23.37,22.77,22.89,264769.0,2021-09-08
425,RPAY,22.92,23.2,22.44,22.66,298980.0,2021-09-09
426,RPAY,22.85,22.85,22.27,22.53,305006.0,2021-09-10
427,RPAY,22.6,22.87,22.02,22.73,542824.0,2021-09-13
428,RPAY,22.88,22.88,21.88,22.2,554900.0,2021-09-14
429,RPAY,22.23,22.63,21.71,22.6,499393.0,2021-09-15
430,RPAY,22.65,22.98,22.335,22.93,648978.0,2021-09-16
431,RPAY,23.09,23.12,22.43,22.58,1562549.0,2021-09-17
432,RPAY,22.05,22.26,21.57,22.0,408033.0,2021-09-20
433,RPAY,22.1,22.36,21.79,22.24,432374.0,2021-09-21
434,RPAY,22.28,23.06,22.14,22.97,1816973.0,2021-09-22
435,RPAY,23.13,24.1,22.97,24.06,616500.0,2021-09-23
436,RPAY,23.95,24.15,23.52,23.92,743956.0,2021-09-24
437,RPAY,23.97,24.53,23.71,24.49,372706.0,2021-09-27
438,RPAY,24.26,24.39,23.85,23.9,390863.0,2021-09-28
439,RPAY,23.94,23.94,23.16,23.22,296179.0,2021-09-29
440,RPAY,23.36,23.36,22.68,23.03,453286.0,2021-09-30
441,RPAY,23.25,24.12,22.93,24.06,373209.0,2021-10-01
442,RPAY,23.96,23.96,22.81,23.2,340372.0,2021-10-04
443,RPAY,23.36,23.75,23.07,23.46,326347.0,2021-10-05
444,RPAY,23.15,23.54,23.07,23.33,246961.0,2021-10-06
445,RPAY,23.57,23.77,23.14,23.29,282407.0,2021-10-07
446,RPAY,23.37,23.53,22.55,22.57,195409.0,2021-10-08
447,RPAY,22.45,22.68,21.85,21.85,243339.0,2021-10-11
448,RPAY,21.74,22.32,21.56,22.15,378501.0,2021-10-12
449,RPAY,22.31,22.54,22.08,22.47,181229.0,2021-10-13
450,RPAY,22.83,22.92,22.36,22.42,511532.0,2021-10-14
451,RPAY,22.85,23.3,22.54,22.9,406028.0,2021-10-15
452,RPAY,22.84,22.96,22.43,22.64,442551.0,2021-10-18
453,RPAY,22.8,22.87,22.31,22.51,364279.0,2021-10-19
454,RPAY,22.44,22.77,22.36,22.45,377955.0,2021-10-20
455,RPAY,22.46,22.665,22.07,22.14,744389.0,2021-10-21
456,RPAY,22.01,22.175,21.46,21.76,502054.0,2021-10-22
457,RPAY,21.74,22.1,21.7,21.79,298615.0,2021-10-25
458,RPAY,21.97,22.57,21.91,22.43,509790.0,2021-10-26
459,RPAY,22.32,22.38,21.29,21.41,453116.0,2021-10-27
460,RPAY,21.49,21.71,20.39,20.48,976001.0,2021-10-28
461,RPAY,20.39,21.06,20.12,21.01,1024373.0,2021-10-29
462,RPAY,20.97,21.64,20.9,21.29,386595.0,2021-11-01
463,RPAY,21.2,21.21,19.39,19.5,824060.0,2021-11-02
464,RPAY,19.63,19.78,19.03,19.09,867223.0,2021-11-03
465,RPAY,19.16,19.6,18.6501,18.84,711471.0,2021-11-04
466,RPAY,19.0,19.19,18.53,18.59,1806287.0,2021-11-05
467,RPAY,18.77,18.97,18.51,18.81,1650659.0,2021-11-08
468,RPAY,18.9,19.1,17.88,18.04,1578741.0,2021-11-09
469,RPAY,19.35,20.78,19.16,20.46,2755622.0,2021-11-10
470,RPAY,20.355,20.56,19.74,20.02,1144442.0,2021-11-11
471,RPAY,20.31,20.565,20.04,20.13,533441.0,2021-11-12
472,RPAY,20.27,20.62,19.95,19.98,430178.0,2021-11-15
473,RPAY,20.0,20.47,19.8,20.4,546856.0,2021-11-16
474,RPAY,20.22,20.28,19.52,19.55,547088.0,2021-11-17
475,RPAY,19.39,19.74,18.83,18.98,568984.0,2021-11-18
476,RPAY,18.77,19.18,18.52,18.65,473246.0,2021-11-19
477,RPAY,18.6,18.64,17.77,18.07,630308.0,2021-11-22
478,RPAY,18.24,18.41,17.6287,17.69,824335.0,2021-11-23
479,RPAY,17.41,17.83,17.26,17.74,662522.0,2021-11-24
480,RPAY,17.31,17.65,16.8,17.11,504742.0,2021-11-26
481,RPAY,17.26,17.57,16.18,16.41,683230.0,2021-11-29
482,RPAY,16.38,16.51,15.63,16.36,771571.0,2021-11-30
483,RPAY,16.69,16.77,16.01,16.25,1271731.0,2021-12-01
484,RPAY,16.43,16.8,16.21,16.59,820123.0,2021-12-02
485,RPAY,16.62,16.69,15.58,16.05,682244.0,2021-12-03
486,RPAY,16.31,17.21,15.57,17.14,692765.0,2021-12-06
487,RPAY,17.42,18.33,17.42,17.92,771039.0,2021-12-07
488,RPAY,17.84,18.62,17.665,18.22,372315.0,2021-12-08
489,RPAY,17.055,18.41,17.055,18.2,470096.0,2021-12-09
490,RPAY,18.2,18.74,18.13,18.37,391166.0,2021-12-10
491,RPAY,18.18,18.71,17.94,18.32,495653.0,2021-12-13
492,RPAY,18.09,18.565,17.2812,17.58,615334.0,2021-12-14
493,RPAY,17.4,17.57,17.13,17.29,676762.0,2021-12-15
494,RPAY,17.48,17.7,16.81,17.0,443805.0,2021-12-16
495,RPAY,17.17,17.86,16.5506,17.75,1118792.0,2021-12-17
496,RPAY,17.22,17.43,16.25,17.18,660525.0,2021-12-20
497,RPAY,17.33,18.19,16.82,18.17,378915.0,2021-12-21
498,RPAY,18.08,18.31,17.905,18.23,247944.0,2021-12-22
499,RPAY,18.0,18.56,17.92,18.39,202362.0,2021-12-23
500,RPAY,18.37,18.37,17.91,18.28,272418.0,2021-12-27
501,RPAY,18.21,18.62,17.9,18.55,426834.0,2021-12-28
502,RPAY,18.54,18.75,18.29,18.56,412418.0,2021-12-29
503,RPAY,18.36,19.06,18.31,18.77,351255.0,2021-12-30
504,RPAY,18.67,18.915,18.17,18.27,396216.0,2021-12-31
505,RPAY,18.57,19.61,18.45,19.54,540539.0,2022-01-03
506,RPAY,19.53,19.63,19.08,19.3,382479.0,2022-01-04
507,RPAY,19.13,19.71,18.9,19.07,500473.0,2022-01-05
508,RPAY,18.98,19.31,18.535,18.6,278989.0,2022-01-06
509,RPAY,18.5,18.7641,18.26,18.3,390098.0,2022-01-07
510,RPAY,18.15,18.17,17.215,17.73,513017.0,2022-01-10
511,RPAY,17.72,18.23,17.63,18.06,443868.0,2022-01-11
512,RPAY,18.13,18.37,17.49,17.64,529331.0,2022-01-12
513,RPAY,17.75,18.21,17.5,17.56,375732.0,2022-01-13
514,RPAY,17.38,17.47,16.7,17.13,374806.0,2022-01-14
515,RPAY,16.83,17.07,16.5,16.65,339021.0,2022-01-18
516,RPAY,16.62,16.9,16.36,16.39,243045.0,2022-01-19
517,RPAY,16.39,17.01,16.18,16.52,320562.0,2022-01-20
518,RPAY,16.42,16.59,15.65,15.66,877562.0,2022-01-21
519,RPAY,15.34,16.41,15.0,16.37,747019.0,2022-01-24
520,RPAY,16.05,16.87,15.69,16.6,671476.0,2022-01-25
521,RPAY,17.02,17.22,16.51,16.61,808019.0,2022-01-26
522,RPAY,16.67,17.16,16.41,16.44,625986.0,2022-01-27
523,RPAY,16.37,17.19,15.68,17.15,437373.0,2022-01-28
524,RPAY,17.06,17.89,17.06,17.89,361408.0,2022-01-31
525,RPAY,17.93,18.69,17.55,18.67,556784.0,2022-02-01
526,RPAY,18.46,18.67,17.44,17.85,803105.0,2022-02-02
527,RPAY,17.38,17.58,16.48,16.62,741028.0,2022-02-03
528,RPAY,16.66,17.52,16.48,17.31,344903.0,2022-02-04
529,RPAY,17.52,17.6,17.02,17.4,230304.0,2022-02-07
530,RPAY,17.29,17.83,17.29,17.72,229897.0,2022-02-08
531,RPAY,17.87,18.22,17.87,18.15,324874.0,2022-02-09
532,RPAY,17.91,18.42,17.72,17.86,288061.0,2022-02-10
533,RPAY,17.8,18.25,17.66,17.77,212191.0,2022-02-11
534,RPAY,17.52,18.1,17.45,17.69,496563.0,2022-02-14
535,RPAY,18.03,18.41,17.93,18.33,450172.0,2022-02-15
536,RPAY,18.02,18.44,17.96,18.01,424596.0,2022-02-16
537,RPAY,17.54,17.98,17.4,17.46,390995.0,2022-02-17
538,RPAY,17.33,17.61,16.73,16.91,326610.0,2022-02-18
539,RPAY,16.76,17.405,16.72,17.22,403973.0,2022-02-22
540,RPAY,17.43,17.48,16.7,16.73,240342.0,2022-02-23
541,RPAY,16.24,17.62,16.17,17.52,384551.0,2022-02-24
542,RPAY,17.55,17.82,17.15,17.45,669596.0,2022-02-25
543,RPAY,17.2,17.59,16.93,17.27,653666.0,2022-02-28
544,RPAY,17.27,17.38,15.2,15.4,1062745.0,2022-03-01
545,RPAY,16.4,17.22,15.75,16.8,1055404.0,2022-03-02
546,RPAY,16.86,17.03,15.965,16.13,922395.0,2022-03-03
547,RPAY,15.84,16.23,15.62,15.74,450590.0,2022-03-04
548,RPAY,15.68,16.07,14.46,14.86,987505.0,2022-03-07
549,RPAY,14.84,15.25,14.27,14.63,534420.0,2022-03-08
550,RPAY,15.18,15.44,14.46,14.91,508529.0,2022-03-09
551,RPAY,14.57,14.92,14.17,14.45,663949.0,2022-03-10
552,RPAY,14.61,14.63,13.55,13.59,1218897.0,2022-03-11
553,RPAY,13.51,14.01,12.93,13.0,1155918.0,2022-03-14
554,RPAY,13.06,13.62,12.91,13.55,684107.0,2022-03-15
555,RPAY,13.77,14.33,13.64,14.28,522580.0,2022-03-16
556,RPAY,14.12,14.57,13.7875,14.43,505890.0,2022-03-17
557,RPAY,14.25,15.18,14.17,15.11,2370827.0,2022-03-18
558,RPAY,15.08,15.11,14.58,14.83,533570.0,2022-03-21
559,RPAY,14.9,15.39,14.85,15.13,555737.0,2022-03-22
560,RPAY,14.88,15.07,14.4,14.48,453802.0,2022-03-23
561,RPAY,14.65,14.98,14.4,14.88,675852.0,2022-03-24
562,RPAY,15.07,15.095,14.49,14.6,463077.0,2022-03-25
563,RPAY,14.68,14.77,14.15,14.63,455020.0,2022-03-28
564,RPAY,14.97,15.61,14.83,15.35,711711.0,2022-03-29
565,RPAY,15.16,15.33,14.78,14.93,558287.0,2022-03-30
566,RPAY,14.51,15.0,14.51,14.77,554335.0,2022-03-31
567,RPAY,14.9,15.31,14.9,15.06,475355.0,2022-04-01
568,RPAY,15.09,15.24,14.84,15.06,433168.0,2022-04-04
569,RPAY,15.07,15.28,14.74,14.88,339252.0,2022-04-05
570,RPAY,14.61,14.9,14.31,14.8,482744.0,2022-04-06
571,RPAY,14.82,15.075,14.12,14.18,613871.0,2022-04-07
572,RPAY,14.11,14.57,13.9,13.98,290512.0,2022-04-08
573,RPAY,13.84,14.17,13.64,14.09,269256.0,2022-04-11
574,RPAY,14.26,14.56,14.06,14.45,446145.0,2022-04-12
575,RPAY,14.43,14.85,14.27,14.61,432609.0,2022-04-13
576,RPAY,14.89,14.97,14.5,14.82,211826.0,2022-04-14
577,RPAY,14.68,14.86,14.4,14.49,241551.0,2022-04-18
578,RPAY,14.46,14.94,14.33,14.75,279994.0,2022-04-19
579,RPAY,14.9,15.14,14.31,14.66,320317.0,2022-04-20
580,RPAY,14.87,15.05,14.41,14.5,319468.0,2022-04-21
581,RPAY,14.24,14.57,13.8,13.83,417356.0,2022-04-22
582,RPAY,13.73,14.31,13.6,14.25,267369.0,2022-04-25
583,RPAY,14.07,14.11,13.7375,13.76,285280.0,2022-04-26
584,RPAY,13.69,13.98,13.34,13.39,292403.0,2022-04-27
585,RPAY,13.67,14.12,13.33,13.91,234552.0,2022-04-28
586,RPAY,13.76,14.01,13.27,13.38,435276.0,2022-04-29
587,RPAY,13.51,13.72,13.15,13.68,390907.0,2022-05-02
588,RPAY,13.72,14.04,13.48,13.9,313839.0,2022-05-03
589,RPAY,13.91,14.635,13.69,14.49,354111.0,2022-05-04
590,RPAY,14.17,14.19,13.35,13.58,293937.0,2022-05-05
591,RPAY,13.42,13.46,12.78,13.02,329043.0,2022-05-06
592,RPAY,12.72,12.95,12.52,12.73,549869.0,2022-05-09
593,RPAY,12.82,13.15,11.82,12.08,822116.0,2022-05-10
594,RPAY,11.99,12.25,9.95,10.0,1829812.0,2022-05-11
595,RPAY,9.83,10.26,9.79,10.01,1310077.0,2022-05-12
596,RPAY,10.44,10.77,10.23,10.4,1253447.0,2022-05-13
597,RPAY,10.27,10.425,9.93,9.95,918483.0,2022-05-16
598,RPAY,10.51,11.01,10.245,10.9,2399506.0,2022-05-17
599,RPAY,10.67,11.66,10.67,11.37,1344393.0,2022-05-18
600,RPAY,11.94,12.88,11.4,12.73,1288658.0,2022-05-19
601,RPAY,13.0,13.32,12.41,12.79,785352.0,2022-05-20
602,RPAY,12.93,13.11,12.36,12.93,554733.0,2022-05-23
603,RPAY,12.79,12.97,12.33,12.64,594740.0,2022-05-24
604,RPAY,12.47,12.935,12.23,12.73,559895.0,2022-05-25
605,RPAY,12.75,13.1,12.53,12.55,526758.0,2022-05-26
606,RPAY,12.73,13.24,12.62,13.09,503725.0,2022-05-27
607,RPAY,12.97,13.22,12.41,12.45,763932.0,2022-05-31
608,RPAY,12.62,13.16,12.58,12.94,559933.0,2022-06-01
609,RPAY,13.02,13.65,12.79,13.64,508766.0,2022-06-02
610,RPAY,13.48,13.64,12.87,12.88,520581.0,2022-06-03
611,RPAY,13.18,13.32,12.89,12.94,484679.0,2022-06-06
612,RPAY,12.59,13.07,12.46,12.98,548165.0,2022-06-07
613,RPAY,12.88,13.05,12.58,12.75,326306.0,2022-06-08
614,RPAY,12.59,12.93,12.22,12.35,343115.0,2022-06-09
615,RPAY,12.06,12.395,11.73,11.76,451682.0,2022-06-10
616,RPAY,11.33,11.775,11.23,11.35,618616.0,2022-06-13
617,RPAY,11.39,11.6,11.16,11.18,360282.0,2022-06-14
618,RPAY,11.34,11.59,11.1,11.37,374054.0,2022-06-15
619,RPAY,11.06,11.14,10.48,10.73,522101.0,2022-06-16
620,RPAY,10.89,11.59,10.72,11.33,828286.0,2022-06-17
621,RPAY,11.93,12.97,11.83,12.3,863696.0,2022-06-21
622,RPAY,12.03,12.7,11.7575,12.44,712719.0,2022-06-22
623,RPAY,12.52,13.15,12.13,13.0,999758.0,2022-06-23
624,RPAY,12.86,14.22,12.86,13.89,2309174.0,2022-06-24
625,RPAY,13.89,14.16,13.45,13.51,1536309.0,2022-06-27
626,RPAY,13.54,13.76,12.88,13.1,782477.0,2022-06-28
627,RPAY,13.01,13.14,12.38,12.74,647350.0,2022-06-29
628,RPAY,12.6,12.94,12.4,12.85,490287.0,2022-06-30
629,RPAY,12.84,13.22,12.77,13.18,563378.0,2022-07-01
630,RPAY,12.89,13.47,12.76,13.47,465207.0,2022-07-05
631,RPAY,13.41,13.63,13.15,13.31,267330.0,2022-07-06
632,RPAY,13.37,13.73,13.19,13.56,190026.0,2022-07-07
633,RPAY,13.7,13.7,13.1,13.35,241879.0,2022-07-08
634,RPAY,13.13,13.41,12.91,13.18,324825.0,2022-07-11
635,RPAY,13.23,13.53,12.95,13.19,342736.0,2022-07-12
636,RPAY,13.06,13.06,12.56,12.78,253988.0,2022-07-13
637,RPAY,12.29,13.14,12.29,13.01,315699.0,2022-07-14
638,RPAY,13.3,13.42,13.01,13.11,426098.0,2022-07-15
639,RPAY,13.21,13.57,13.0,13.05,286725.0,2022-07-18
640,RPAY,13.31,13.76,13.19,13.53,345584.0,2022-07-19
641,RPAY,13.71,14.09,13.42,13.83,355332.0,2022-07-20
642,RPAY,13.75,14.43,13.66,14.42,369248.0,2022-07-21
643,RPAY,13.36,14.15,12.96,13.29,547159.0,2022-07-22
644,RPAY,13.32,13.32,12.92,13.16,463535.0,2022-07-25
645,RPAY,13.05,13.27,12.6,12.69,249013.0,2022-07-26
646,RPAY,12.94,13.17,12.75,13.1,364438.0,2022-07-27
647,RPAY,13.12,13.2,12.83,13.07,285860.0,2022-07-28
648,RPAY,13.0,13.52,12.88,13.4,309996.0,2022-07-29
649,RPAY,13.39,13.83,12.93,13.62,288140.0,2022-08-01
650,RPAY,13.46,13.69,13.18,13.56,207546.0,2022-08-02
651,RPAY,13.63,13.99,13.59,13.59,476639.0,2022-08-03
652,RPAY,13.57,13.9,13.4,13.67,427442.0,2022-08-04
653,RPAY,13.47,13.64,13.2,13.42,299809.0,2022-08-05
654,RPAY,13.61,13.9,13.41,13.59,665158.0,2022-08-08
655,RPAY,13.6,14.61,12.94,12.95,595263.0,2022-08-09
656,RPAY,10.415,11.82,9.93,10.25,2104962.0,2022-08-10
657,RPAY,10.36,10.81,9.78,10.66,1681228.0,2022-08-11
658,RPAY,10.8,11.27,10.6962,11.0,1405887.0,2022-08-12
659,RPAY,10.83,10.99,10.66,10.74,684894.0,2022-08-15
660,RPAY,10.75,10.925,10.62,10.72,654211.0,2022-08-16
661,RPAY,10.49,10.51,9.61,9.79,2034523.0,2022-08-17
662,RPAY,9.72,9.985,9.66,9.795,789912.0,2022-08-18
663,RPAY,9.58,9.88,9.48,9.78,788398.0,2022-08-19
664,RPAY,9.61,9.845,9.09,9.17,1009886.0,2022-08-22
665,RPAY,9.86,10.0,9.54,9.72,932610.0,2022-08-23
666,RPAY,9.67,10.14,9.67,10.05,890308.0,2022-08-24
667,RPAY,10.11,10.51,9.82,10.45,1386913.0,2022-08-25
668,RPAY,10.41,10.54,9.96,10.01,887466.0,2022-08-26
669,RPAY,9.84,9.97,9.52,9.56,515935.0,2022-08-29
670,RPAY,9.66,9.7,9.34,9.41,396102.0,2022-08-30
671,RPAY,9.51,9.68,9.27,9.29,1005299.0,2022-08-31
672,RPAY,9.1,9.42,8.9,9.42,1016119.0,2022-09-01
673,RPAY,9.52,9.54,9.225,9.4,643056.0,2022-09-02
674,RPAY,9.37,9.37,9.1,9.25,466853.0,2022-09-06
675,RPAY,9.17,9.4,9.09,9.33,337591.0,2022-09-07
676,RPAY,9.18,9.36,9.06,9.25,388486.0,2022-09-08
677,RPAY,9.36,9.49,9.09,9.47,386655.0,2022-09-09
678,RPAY,9.55,9.6,9.45,9.52,524172.0,2022-09-12
679,RPAY,9.16,9.32,8.98,9.03,373559.0,2022-09-13
680,RPAY,9.03,9.18,8.99,9.16,363201.0,2022-09-14
681,RPAY,9.05,9.35,8.925,9.02,354262.0,2022-09-15
682,RPAY,8.8,8.88,8.45,8.56,1233981.0,2022-09-16
683,RPAY,8.55,8.575,8.15,8.21,682277.0,2022-09-19
684,RPAY,8.1,8.34,7.995,8.29,730217.0,2022-09-20
685,RPAY,8.29,8.49,8.14,8.16,467281.0,2022-09-21
686,RPAY,8.1,8.11,7.36,7.61,1243874.0,2022-09-22
687,RPAY,7.68,7.68,7.35,7.54,1292884.0,2022-09-23
688,RPAY,7.66,7.72,7.13,7.16,854989.0,2022-09-26
689,RPAY,7.29,7.32,7.01,7.2,980200.0,2022-09-27
690,RPAY,7.25,7.76,7.24,7.56,1437397.0,2022-09-28
691,RPAY,7.41,7.46,7.15,7.28,959485.0,2022-09-29
692,RPAY,7.28,7.36,7.0,7.06,1925649.0,2022-09-30
693,RPAY,7.21,7.32,6.79,7.21,1002457.0,2022-10-03
694,RPAY,7.32,7.775,7.29,7.74,1499783.0,2022-10-04
695,RPAY,7.55,7.59,7.16,7.32,707173.0,2022-10-05
696,RPAY,7.25,7.355,7.1,7.13,500130.0,2022-10-06
697,RPAY,7.0,7.02,6.83,6.85,841531.0,2022-10-07
698,RPAY,6.81,6.81,6.54,6.6,962330.0,2022-10-10
699,RPAY,6.55,6.67,6.3,6.46,1043175.0,2022-10-11
700,RPAY,6.43,6.48,6.32,6.45,608527.0,2022-10-12
701,RPAY,6.25,6.69,6.14,6.65,881705.0,2022-10-13
702,RPAY,6.71,6.765,6.13,6.32,807324.0,2022-10-14
703,RPAY,6.52,6.58,6.27,6.33,879299.0,2022-10-17
704,RPAY,6.52,6.6,6.09,6.09,845784.0,2022-10-18
705,RPAY,6.0,6.34,5.97,6.14,1353223.0,2022-10-19
706,RPAY,6.13,6.22,5.96,6.12,824287.0,2022-10-20
707,RPAY,6.14,6.17,5.94,6.04,745856.0,2022-10-21
708,RPAY,6.01,6.08,5.75,5.85,695401.0,2022-10-24
709,RPAY,5.89,6.1699,5.89,6.03,716694.0,2022-10-25
710,RPAY,6.01,6.29,5.79,6.15,963590.0,2022-10-26
711,RPAY,6.22,6.35,5.96,6.09,720906.0,2022-10-27
712,RPAY,6.06,6.28,5.92,6.18,655596.0,2022-10-28
713,RPAY,6.19,6.23,6.04,6.09,870318.0,2022-10-31
714,RPAY,6.2,6.4,6.19,6.27,523745.0,2022-11-01
715,RPAY,6.24,6.24,5.74,5.75,658901.0,2022-11-02
716,RPAY,5.7,5.725,5.27,5.3,660449.0,2022-11-03
717,RPAY,5.43,5.48,5.12,5.2,1266325.0,2022-11-04
718,RPAY,5.19,5.3599,5.06,5.08,855821.0,2022-11-07
719,RPAY,5.11,5.115,4.89,4.93,2976749.0,2022-11-08
720,RPAY,5.01,5.01,4.365,4.38,2087913.0,2022-11-09
721,RPAY,5.85,7.04,5.77,6.6,7098536.0,2022-11-10
722,RPAY,6.53,7.36,6.46,7.27,4047669.0,2022-11-11
723,RPAY,7.5,7.77,7.16,7.52,3882872.0,2022-11-14
724,RPAY,7.77,8.18,7.63,8.13,1892159.0,2022-11-15
725,RPAY,7.92,8.4399,7.91,8.17,1294048.0,2022-11-16
726,RPAY,7.94,8.3,7.75,7.87,1147209.0,2022-11-17
727,RPAY,8.05,8.405,7.905,8.04,1279334.0,2022-11-18
728,RPAY,7.86,8.05,7.45,7.64,729717.0,2022-11-21
729,RPAY,7.69,8.02,7.64,7.98,687463.0,2022-11-22
730,RPAY,7.92,8.22,7.79,8.21,582713.0,2022-11-23
731,RPAY,8.07,8.34,7.81,8.29,306974.0,2022-11-25
732,RPAY,8.17,8.31,8.09,8.14,747549.0,2022-11-28
733,RPAY,8.12,8.635,8.12,8.61,944956.0,2022-11-29
734,RPAY,8.6,9.07,8.38,8.86,1307973.0,2022-11-30
735,RPAY,8.87,9.16,8.74,9.0,751895.0,2022-12-01
736,RPAY,8.79,8.97,8.72,8.83,631011.0,2022-12-02
737,RPAY,8.8,8.82,8.32,8.35,683634.0,2022-12-05
738,RPAY,8.46,8.46,7.92,8.01,646693.0,2022-12-06
739,RPAY,8.01,8.17,7.88,8.17,1101690.0,2022-12-07
740,RPAY,8.21,8.33,8.04,8.22,566933.0,2022-12-08
741,RPAY,8.13,8.245,7.98,8.12,609558.0,2022-12-09
742,RPAY,8.08,8.18,7.93,8.17,808707.0,2022-12-12
743,RPAY,8.5,8.668,7.79,7.93,1072536.0,2022-12-13
744,RPAY,7.93,8.16,7.85,8.01,1039733.0,2022-12-14
745,RPAY,7.87,8.01,7.77,7.79,1170416.0,2022-12-15
746,RPAY,7.69,8.19,7.6595,8.04,1889162.0,2022-12-16
747,RPAY,8.08,8.13,7.75,7.79,958977.0,2022-12-19
748,RPAY,7.73,7.93,7.73,7.9,411812.0,2022-12-20
749,RPAY,7.99,8.13,7.95,8.07,420234.0,2022-12-21
750,RPAY,7.95,7.975,7.445,7.65,1008853.0,2022-12-22
751,RPAY,7.63,7.73,7.49,7.62,222758.0,2022-12-23
752,RPAY,7.58,7.805,7.43,7.73,402997.0,2022-12-27
753,RPAY,7.71,7.9,7.48,7.66,483931.0,2022-12-28
754,RPAY,7.77,8.0781,7.655,8.01,413029.0,2022-12-29
755,RPAY,7.74,8.205,7.74,8.05,525847.0,2022-12-30
756,RPAY,8.23,8.42,7.88,8.02,672728.0,2023-01-03
757,RPAY,8.1,8.4,7.995,8.15,619704.0,2023-01-04
758,RPAY,8.08,8.16,7.69,8.05,753432.0,2023-01-05
759,RPAY,8.14,8.19,7.82,8.05,377940.0,2023-01-06
760,RPAY,8.16,8.75,8.13,8.44,1966943.0,2023-01-09
761,RPAY,8.49,8.52,8.185,8.31,483039.0,2023-01-10
762,RPAY,8.31,8.92,8.245,8.8,1633576.0,2023-01-11
763,RPAY,8.81,9.13,8.73,9.0,799297.0,2023-01-12
764,RPAY,8.85,9.16,8.83,8.96,450606.0,2023-01-13
765,RPAY,8.95,9.09,8.7301,8.94,784628.0,2023-01-17
766,RPAY,9.09,9.145,8.735,8.88,293366.0,2023-01-18
767,RPAY,8.74,8.94,8.58,8.68,849158.0,2023-01-19
768,RPAY,8.81,9.36,8.63,9.25,880707.0,2023-01-20
769,RPAY,9.3,9.49,9.195,9.25,681444.0,2023-01-23
770,RPAY,9.15,9.56,9.1,9.19,601367.0,2023-01-24
771,RPAY,9.07,9.6,8.88,9.42,1272531.0,2023-01-25
772,RPAY,9.58,9.7,9.44,9.69,934016.0,2023-01-26
773,RPAY,9.65,9.805,9.5,9.63,544023.0,2023-01-27
774,RPAY,9.4,9.57,9.07,9.41,355147.0,2023-01-30
775,RPAY,9.41,9.89,9.22,9.74,984341.0,2023-01-31
776,RPAY,9.79,10.09,9.75,9.98,562013.0,2023-02-01
777,RPAY,10.1,10.42,10.025,10.29,567842.0,2023-02-02
778,RPAY,10.0,10.43,9.96,10.11,444080.0,2023-02-03
779,RPAY,9.92,10.08,9.685,9.77,568602.0,2023-02-06
780,RPAY,9.72,9.98,9.1,9.94,619563.0,2023-02-07
781,RPAY,9.86,10.02,9.53,9.61,814319.0,2023-02-08
782,RPAY,9.69,9.94,9.37,9.48,778685.0,2023-02-09
783,RPAY,9.37,9.71,9.37,9.46,801113.0,2023-02-10
784,RPAY,9.44,9.59,9.34,9.53,925943.0,2023-02-13
785,RPAY,9.4,9.69,9.25,9.35,602483.0,2023-02-14
786,RPAY,9.25,9.94,9.25,9.7,943536.0,2023-02-15
787,RPAY,9.47,9.67,8.94,8.98,798709.0,2023-02-16
788,RPAY,8.93,9.11,8.71,9.05,932771.0,2023-02-17
789,RPAY,8.86,8.91,8.51,8.64,725606.0,2023-02-21
790,RPAY,8.67,8.94,8.67,8.91,1000391.0,2023-02-22
791,RPAY,8.97,9.07,8.65,8.74,532109.0,2023-02-23
792,RPAY,8.52,8.58,8.34,8.46,665792.0,2023-02-24
793,RPAY,8.6,8.81,8.4,8.52,900485.0,2023-02-27
794,RPAY,8.5,8.6,8.29,8.48,2283794.0,2023-02-28
795,RPAY,8.41,8.545,7.935,8.1,1879895.0,2023-03-01
796,RPAY,7.5,8.02,7.24,7.73,2418501.0,2023-03-02
797,RPAY,7.91,8.34,7.85,8.17,700915.0,2023-03-03
798,RPAY,8.18,8.39,7.98,8.0,715712.0,2023-03-06
799,RPAY,8.0,8.08,7.735,7.8,680128.0,2023-03-07
800,RPAY,7.82,7.91,7.69,7.86,786695.0,2023-03-08
801,RPAY,7.86,7.95,7.485,7.49,561861.0,2023-03-09
802,RPAY,7.57,7.57,6.93,7.04,1482734.0,2023-03-10
803,RPAY,6.85,6.91,6.47,6.55,1024419.0,2023-03-13
804,RPAY,6.9,6.93,6.57,6.64,692708.0,2023-03-14
805,RPAY,6.4,6.61,6.33,6.59,565919.0,2023-03-15
806,RPAY,6.47,6.59,6.36,6.44,451560.0,2023-03-16
807,RPAY,6.48,6.48,6.11,6.13,1056847.0,2023-03-17
808,RPAY,6.17,6.27,6.01,6.02,672410.0,2023-03-20
809,RPAY,6.08,6.46,6.08,6.42,1101772.0,2023-03-21
810,RPAY,6.42,6.51,6.02,6.02,617778.0,2023-03-22
811,RPAY,6.04,6.285,5.99,6.06,845847.0,2023-03-23
812,RPAY,5.97,6.035,5.85,5.95,666825.0,2023-03-24
813,RPAY,6.09,6.16,5.99,6.04,747565.0,2023-03-27
814,RPAY,6.0,6.0352,5.86,5.9,873732.0,2023-03-28
815,RPAY,6.02,6.19,5.94,6.05,605270.0,2023-03-29
816,RPAY,6.14,6.269,6.055,6.12,651024.0,2023-03-30
817,RPAY,6.19,6.58,6.19,6.57,1248947.0,2023-03-31
818,RPAY,6.56,6.73,6.43,6.56,1037950.0,2023-04-03
819,RPAY,6.55,6.68,6.105,6.23,505832.0,2023-04-04
820,RPAY,6.15,6.28,6.04,6.27,502367.0,2023-04-05
821,RPAY,6.28,6.44,6.18,6.38,508343.0,2023-04-06
822,RPAY,6.31,6.535,6.25,6.44,646053.0,2023-04-10
823,RPAY,6.47,6.78,6.47,6.76,616515.0,2023-04-11
824,RPAY,6.83,6.93,6.58,6.6,838719.0,2023-04-12
825,RPAY,6.69,6.81,6.59,6.78,307639.0,2023-04-13
826,RPAY,6.81,6.9,6.73,6.85,515360.0,2023-04-14
827,RPAY,6.86,6.88,6.72,6.775,662498.0,2023-04-17
828,RPAY,6.84,6.84,6.59,6.74,432592.0,2023-04-18
829,RPAY,6.66,6.82,6.61,6.7,566208.0,2023-04-19
830,RPAY,6.59,6.71,6.48,6.61,518686.0,2023-04-20
831,RPAY,6.56,6.69,6.5,6.52,398733.0,2023-04-21
832,RPAY,6.52,6.52,6.33,6.39,241082.0,2023-04-24
833,RPAY,6.28,6.28,5.88,5.98,586851.0,2023-04-25
834,RPAY,6.07,6.12,5.92,5.98,328483.0,2023-04-26
835,RPAY,6.01,6.225,6.01,6.17,588353.0,2023-04-27
836,RPAY,6.22,6.315,6.07,6.27,439028.0,2023-04-28
837,RPAY,6.27,6.38,5.93,6.14,605110.0,2023-05-01
838,RPAY,6.1,6.14,5.605,5.68,974253.0,2023-05-02
839,RPAY,5.72,5.92,5.66,5.8,699531.0,2023-05-03
840,RPAY,5.86,5.86,5.6201,5.75,623439.0,2023-05-04
841,RPAY,5.99,6.14,5.92,6.05,579763.0,2023-05-05
842,RPAY,6.06,6.33,6.06,6.27,527632.0,2023-05-08
843,RPAY,6.17,6.315,6.04,6.14,663510.0,2023-05-09
844,RPAY,6.38,6.38,6.115,6.19,1233616.0,2023-05-10
845,RPAY,5.96,6.62,5.8,6.51,688673.0,2023-05-11
846,RPAY,6.52,6.66,6.29,6.52,1181655.0,2023-05-12
847,RPAY,6.55,7.205,6.48,7.15,1544550.0,2023-05-15
848,RPAY,7.07,7.17,6.55,6.65,1017837.0,2023-05-16
849,RPAY,6.68,6.96,6.44,6.83,1073868.0,2023-05-17
850,RPAY,6.83,7.03,6.66,6.95,653649.0,2023-05-18
851,RPAY,7.1,7.12,6.84,6.87,1030925.0,2023-05-19
852,RPAY,6.91,6.93,6.71,6.8,812725.0,2023-05-22
853,RPAY,6.75,7.07,6.73,6.8,804222.0,2023-05-23
854,RPAY,6.76,6.8,6.38,6.63,870294.0,2023-05-24
855,RPAY,6.6,6.6,6.27,6.28,590615.0,2023-05-25
856,RPAY,6.28,6.4675,6.225,6.4,514757.0,2023-05-26
857,RPAY,6.43,6.48,6.115,6.25,727175.0,2023-05-30
858,RPAY,6.26,6.375,6.005,6.33,1707957.0,2023-05-31
859,RPAY,6.35,6.865,6.31,6.74,1023634.0,2023-06-01
860,RPAY,6.91,6.96,6.575,6.66,800807.0,2023-06-02
861,RPAY,6.66,6.77,6.47,6.53,461745.0,2023-06-05
862,RPAY,6.5,7.12,6.48,7.05,1115928.0,2023-06-06
863,RPAY,7.16,7.41,7.065,7.19,758612.0,2023-06-07
864,RPAY,7.13,7.19,6.84,7.01,523657.0,2023-06-08
865,RPAY,7.01,7.12,6.9225,6.99,449962.0,2023-06-09
866,RPAY,7.0,7.38,7.0,7.37,588864.0,2023-06-12
867,RPAY,7.39,7.575,7.35,7.53,1448525.0,2023-06-13
868,RPAY,7.47,7.6,7.08,7.41,886989.0,2023-06-14
869,RPAY,7.34,7.725,7.28,7.55,1307331.0,2023-06-15
870,RPAY,7.63,7.63,7.25,7.44,1329904.0,2023-06-16
871,RPAY,7.38,7.52,7.32,7.51,645649.0,2023-06-20
872,RPAY,7.48,7.58,7.36,7.44,439143.0,2023-06-21
873,RPAY,7.35,7.395,7.1712,7.34,477811.0,2023-06-22
874,RPAY,7.17,7.401,7.17,7.36,1722022.0,2023-06-23
875,RPAY,7.31,7.5,7.31,7.38,455453.0,2023-06-26
876,RPAY,7.37,7.62,7.37,7.52,425284.0,2023-06-27
877,RPAY,7.52,7.575,7.38,7.56,339326.0,2023-06-28
878,RPAY,7.58,7.77,7.56,7.77,382032.0,2023-06-29
879,RPAY,7.81,8.005,7.81,7.83,605676.0,2023-06-30
880,RPAY,7.85,8.04,7.71,7.95,524293.0,2023-07-03
881,RPAY,7.87,7.94,7.76,7.79,638047.0,2023-07-05
882,RPAY,7.67,7.75,7.28,7.5,579302.0,2023-07-06
883,RPAY,7.51,7.74,7.44,7.67,492420.0,2023-07-07
884,RPAY,7.64,7.785,7.6,7.69,355641.0,2023-07-10
885,RPAY,7.76,7.79,7.525,7.57,431158.0,2023-07-11
886,RPAY,7.8,7.88,7.66,7.7,349565.0,2023-07-12
887,RPAY,7.71,7.99,7.69,7.92,305900.0,2023-07-13
888,RPAY,7.91,7.94,7.685,7.78,376129.0,2023-07-14
889,RPAY,7.75,7.93,7.75,7.92,357891.0,2023-07-17
890,RPAY,7.97,8.195,7.94,8.03,343548.0,2023-07-18
891,RPAY,8.09,8.36,8.09,8.35,511558.0,2023-07-19
892,RPAY,8.36,8.645,8.335,8.35,775224.0,2023-07-20
893,RPAY,8.43,8.52,8.05,8.19,504187.0,2023-07-21
894,RPAY,8.21,8.33,8.2,8.31,240440.0,2023-07-24
895,RPAY,8.26,8.38,8.13,8.17,235918.0,2023-07-25
896,RPAY,8.12,8.2301,8.07,8.17,348353.0,2023-07-26
897,RPAY,8.21,8.25,8.02,8.07,520452.0,2023-07-27
898,RPAY,8.2,8.335,8.15,8.16,261596.0,2023-07-28
899,RPAY,8.18,8.38,8.18,8.35,277808.0,2023-07-31
900,RPAY,8.3,8.615,8.26,8.51,476025.0,2023-08-01
901,RPAY,8.4,8.41,8.11,8.18,335685.0,2023-08-02
902,RPAY,8.12,8.3,8.12,8.26,813283.0,2023-08-03
903,RPAY,8.27,8.38,8.15,8.2,267857.0,2023-08-04
904,RPAY,8.23,8.43,8.14,8.41,301628.0,2023-08-07
905,RPAY,8.22,8.65,8.18,8.64,678553.0,2023-08-08
906,RPAY,8.64,8.705,8.205,8.27,1042182.0,2023-08-09
907,RPAY,8.78,9.2,8.605,9.0,836872.0,2023-08-10
908,RPAY,8.9,9.0,8.75,8.82,594692.0,2023-08-11
909,RPAY,8.8,9.0775,8.64,9.05,482718.0,2023-08-14
910,RPAY,8.98,9.18,8.92,9.12,577790.0,2023-08-15
911,RPAY,8.98,9.25,8.82,8.89,686242.0,2023-08-16
912,RPAY,8.95,9.24,8.94,9.2,939397.0,2023-08-17
913,RPAY,8.98,9.42,8.83,9.32,890855.0,2023-08-18
914,RPAY,9.27,9.3075,8.98,9.12,605884.0,2023-08-21
915,RPAY,9.2,9.265,9.01,9.24,466467.0,2023-08-22
916,RPAY,9.27,9.44,9.15,9.43,454484.0,2023-08-23
917,RPAY,9.45,9.46,9.175,9.18,376527.0,2023-08-24
918,RPAY,9.24,9.31,9.13,9.18,291983.0,2023-08-25
919,RPAY,9.25,9.315,9.11,9.13,311243.0,2023-08-28
920,RPAY,9.15,9.3,9.02,9.22,215384.0,2023-08-29
921,RPAY,9.17,9.205,9.07,9.19,319293.0,2023-08-30
922,RPAY,9.16,9.315,9.16,9.22,546423.0,2023-08-31
923,RPAY,9.28,9.48,9.175,9.45,550845.0,2023-09-01
924,RPAY,9.35,9.47,9.29,9.44,510530.0,2023-09-05
925,RPAY,9.4,9.55,8.86,8.9,743147.0,2023-09-06
926,RPAY,8.79,8.84,8.49,8.51,565039.0,2023-09-07
927,RPAY,8.53,8.55,8.33,8.33,360691.0,2023-09-08
928,RPAY,8.39,8.48,8.31,8.44,269070.0,2023-09-11
929,RPAY,8.34,8.41,8.14,8.15,429952.0,2023-09-12
930,RPAY,8.14,8.18,7.66,7.77,1112556.0,2023-09-13
931,RPAY,7.88,8.0,7.8145,7.88,460659.0,2023-09-14
932,RPAY,7.84,8.02,7.615,7.63,738637.0,2023-09-15
933,RPAY,7.61,7.72,7.32,7.57,421581.0,2023-09-18
934,RPAY,7.55,7.69,7.525,7.68,400691.0,2023-09-19
935,RPAY,7.7,8.02,7.37,7.74,637516.0,2023-09-20
936,RPAY,7.62,7.715,7.5594,7.67,536161.0,2023-09-21
937,RPAY,7.69,7.7099,7.5625,7.64,437655.0,2023-09-22
938,RPAY,7.6,7.79,7.505,7.68,457254.0,2023-09-25
939,RPAY,7.59,7.64,7.22,7.42,1095494.0,2023-09-26
940,RPAY,7.5,7.57,7.3,7.42,1806143.0,2023-09-27
941,RPAY,7.43,7.805,7.42,7.8,433404.0,2023-09-28
942,RPAY,7.85,7.88,7.56,7.59,602773.0,2023-09-29
943,RPAY,7.55,7.69,7.405,7.44,469838.0,2023-10-02
944,RPAY,7.52,7.52,6.72,6.76,967550.0,2023-10-03
945,RPAY,6.74,6.755,6.47,6.59,994241.0,2023-10-04
946,RPAY,6.59,6.59,6.385,6.52,910412.0,2023-10-05
947,RPAY,6.47,6.6,6.44,6.5,574185.0,2023-10-06
948,RPAY,6.57,6.57,6.31,6.42,592914.0,2023-10-09
949,RPAY,6.47,6.705,6.47,6.55,403505.0,2023-10-10
950,RPAY,6.55,6.62,6.4,6.52,436261.0,2023-10-11
951,RPAY,6.46,6.515,6.27,6.32,504384.0,2023-10-12
952,RPAY,6.36,6.37,6.16,6.22,515286.0,2023-10-13
953,RPAY,6.26,6.5,6.2151,6.46,367180.0,2023-10-16
954,RPAY,6.36,6.5,6.345,6.43,582000.0,2023-10-17
955,RPAY,6.34,6.361,6.165,6.32,1795063.0,2023-10-18
956,RPAY,6.29,6.44,6.26,6.27,457472.0,2023-10-19
957,RPAY,6.28,6.49,6.12,6.17,495189.0,2023-10-20
958,RPAY,6.12,6.21,6.02,6.08,545249.0,2023-10-23
959,RPAY,6.16,6.475,6.064,6.17,711797.0,2023-10-24
960,RPAY,6.07,6.09,5.63,5.87,1429677.0,2023-10-25
961,RPAY,5.9,6.05,5.78,5.86,767370.0,2023-10-26
962,RPAY,5.93,6.0,5.8,5.89,889302.0,2023-10-27
963,RPAY,5.95,6.05,5.8401,5.91,566108.0,2023-10-30
964,RPAY,5.91,6.13,5.85,5.99,1045045.0,2023-10-31
965,RPAY,6.03,6.065,5.905,6.03,698832.0,2023-11-01
966,RPAY,6.15,6.595,6.15,6.57,532314.0,2023-11-02
967,RPAY,6.72,6.92,6.525,6.59,903717.0,2023-11-03
968,RPAY,6.65,6.66,6.33,6.4,425270.0,2023-11-06
969,RPAY,6.36,6.48,6.245,6.37,911081.0,2023-11-07
970,RPAY,6.4,6.44,6.22,6.24,762881.0,2023-11-08
971,RPAY,6.34,6.41,6.14,6.17,1068044.0,2023-11-09
972,RPAY,6.3,6.62,6.01,6.44,1862267.0,2023-11-10
973,RPAY,6.35,6.75,6.32,6.65,724743.0,2023-11-13
974,RPAY,6.93,7.29,6.93,7.25,676724.0,2023-11-14
975,RPAY,7.22,7.449,7.16,7.19,554616.0,2023-11-15
976,RPAY,7.14,7.29,7.03,7.16,465914.0,2023-11-16
977,RPAY,7.22,7.29,7.04,7.14,534805.0,2023-11-17
978,RPAY,7.18,7.43,7.12,7.23,658972.0,2023-11-20
979,RPAY,7.19,7.35,7.145,7.26,760457.0,2023-11-21
980,RPAY,7.38,7.53,7.195,7.27,494654.0,2023-11-22
981,RPAY,7.25,7.35,7.21,7.32,254468.0,2023-11-24
982,RPAY,7.23,7.37,7.23,7.27,462187.0,2023-11-27
983,RPAY,7.28,7.615,7.22,7.53,702182.0,2023-11-28
984,RPAY,7.6,7.78,7.515,7.56,431010.0,2023-11-29
985,RPAY,7.57,7.62,7.47,7.5,542248.0,2023-11-30
986,RPAY,7.5,7.79,7.44,7.62,1292189.0,2023-12-01
987,RPAY,7.55,7.68,7.49,7.54,528130.0,2023-12-04
988,RPAY,7.45,7.52,7.235,7.43,690413.0,2023-12-05
989,RPAY,7.51,7.77,7.42,7.45,1705912.0,2023-12-06
990,RPAY,7.49,7.5601,7.11,7.5,900979.0,2023-12-07
991,RPAY,7.46,7.76,7.46,7.52,801280.0,2023-12-08
992,RPAY,7.48,7.65,7.41,7.58,1051101.0,2023-12-11
993,RPAY,7.57,7.725,7.455,7.6,1005597.0,2023-12-12
994,RPAY,7.6,8.005,7.455,7.97,988007.0,2023-12-13
995,RPAY,8.17,8.29,8.0,8.17,1153781.0,2023-12-14
996,RPAY,8.23,8.23,7.93,8.06,1873675.0,2023-12-15
997,RPAY,8.14,8.15,7.93,8.02,941423.0,2023-12-18
998,RPAY,8.09,8.27,8.05,8.23,696136.0,2023-12-19
999,RPAY,8.19,8.44,7.99,8.0,1255168.0,2023-12-20
1000,RPAY,8.15,8.47,8.09,8.47,1530637.0,2023-12-21
1001,RPAY,8.54,8.6,8.34,8.4,534661.0,2023-12-22
1002,RPAY,8.46,8.48,8.37,8.45,279842.0,2023-12-26
1003,RPAY,8.48,8.63,8.455,8.51,537118.0,2023-12-27
1004,RPAY,8.51,8.73,8.51,8.72,540290.0,2023-12-28
1005,RPAY,8.68,8.74,8.529,8.54,374837.0,2023-12-29
1006,RPAY,8.44,8.565,8.32,8.44,555332.0,2024-01-02
1007,RPAY,8.33,8.425,8.14,8.18,490961.0,2024-01-03
1008,RPAY,8.31,8.31,8.055,8.07,262142.0,2024-01-04
1009,RPAY,8.12,8.2,8.04,8.06,329496.0,2024-01-05
1010,RPAY,8.09,8.23,8.0,8.23,405095.0,2024-01-08
1011,RPAY,8.07,8.245,8.03,8.13,378159.0,2024-01-09
1012,RPAY,8.23,8.23,7.96,8.09,292497.0,2024-01-10
1013,RPAY,8.1,8.12,7.855,8.0,313578.0,2024-01-11
1014,RPAY,8.17,8.17,7.82,7.83,394485.0,2024-01-12
1015,RPAY,7.79,7.79,7.435,7.53,559593.0,2024-01-16
1016,RPAY,7.39,7.39,7.235,7.32,581428.0,2024-01-17
1017,RPAY,7.39,7.39,7.13,7.13,573443.0,2024-01-18
1018,RPAY,7.19,7.365,7.04,7.35,1219362.0,2024-01-19
1019,RPAY,7.49,7.84,7.44,7.76,688233.0,2024-01-22
1020,RPAY,7.88,7.88,7.64,7.68,856617.0,2024-01-23
1021,RPAY,7.79,7.87,7.52,7.54,544492.0,2024-01-24
1022,RPAY,7.69,7.775,7.485,7.59,437209.0,2024-01-25
1023,RPAY,7.63,7.92,7.63,7.72,432005.0,2024-01-26
1024,RPAY,7.72,8.02,7.66,8.0,359366.0,2024-01-29
1025,RPAY,7.92,7.99,7.88,7.93,574869.0,2024-01-30
1026,RPAY,7.87,8.19,7.815,7.84,780178.0,2024-01-31
1027,RPAY,7.85,8.18,7.78,8.16,724802.0,2024-02-01
1028,RPAY,8.02,8.1,7.96,8.07,476254.0,2024-02-02
1029,RPAY,7.93,8.06,7.87,7.99,932547.0,2024-02-05
1030,RPAY,7.95,8.03,7.8,7.99,611042.0,2024-02-06
1031,RPAY,8.03,8.03,7.84,7.97,436978.0,2024-02-07
1032,RPAY,7.97,8.145,7.91,8.06,531046.0,2024-02-08
1033,RPAY,8.11,8.18,7.99,8.16,753112.0,2024-02-09
1034,RPAY,8.17,8.52,8.16,8.38,457967.0,2024-02-12
1035,RPAY,8.06,8.25,7.98,8.2,837147.0,2024-02-13
1036,RPAY,8.34,8.78,8.31,8.72,715776.0,2024-02-14
1037,RPAY,8.81,8.89,8.53,8.61,759581.0,2024-02-15
1038,RPAY,8.54,8.54,7.95,7.96,836200.0,2024-02-16
1039,RPAY,7.79,8.19,7.78,8.07,792319.0,2024-02-20
1040,RPAY,8.0,8.35,7.845,8.16,602668.0,2024-02-21
1041,RPAY,8.29,8.47,8.235,8.33,1214850.0,2024-02-22
1042,RPAY,8.34,8.45,8.29,8.33,785178.0,2024-02-23
1043,RPAY,8.21,8.485,8.15,8.44,506029.0,2024-02-26
1044,RPAY,8.49,8.7,8.42,8.66,405415.0,2024-02-27
1045,RPAY,8.55,8.68,8.5,8.54,520313.0,2024-02-28
1046,RPAY,8.73,8.89,8.45,8.69,730188.0,2024-02-29
1047,RPAY,9.98,10.32,9.151,9.89,2626924.0,2024-03-01
1048,RPAY,10.06,10.115,9.615,9.96,1046061.0,2024-03-04
1049,RPAY,9.89,10.06,9.41,9.43,1303517.0,2024-03-05
1050,RPAY,9.56,9.87,9.53,9.68,705406.0,2024-03-06
1051,RPAY,9.74,9.81,9.53,9.57,640211.0,2024-03-07
1052,RPAY,9.71,10.125,9.3225,10.06,656840.0,2024-03-08
1053,RPAY,10.0,10.045,9.86,9.98,563581.0,2024-03-11
1054,RPAY,10.28,10.95,10.105,10.89,1324282.0,2024-03-12
1055,RPAY,10.8,11.0,10.67,10.83,1072643.0,2024-03-13
1056,RPAY,10.86,10.96,10.585,10.7,560850.0,2024-03-14
1057,RPAY,10.6,10.8,10.51,10.57,726405.0,2024-03-15
1058,RPAY,10.57,10.895,10.3705,10.63,867785.0,2024-03-18
1059,RPAY,10.59,10.765,10.57,10.66,565504.0,2024-03-19
1060,RPAY,10.69,10.99,10.595,10.97,713493.0,2024-03-20
1061,RPAY,11.0,11.22,10.92,10.93,596995.0,2024-03-21
1062,RPAY,10.86,10.955,10.795,10.84,532135.0,2024-03-22
1063,RPAY,10.91,10.97,10.695,10.78,444460.0,2024-03-25
1064,RPAY,10.85,10.91,10.565,10.86,570999.0,2024-03-26
1065,RPAY,11.0,11.155,10.895,11.05,751116.0,2024-03-27
1066,RPAY,11.05,11.2,10.94,11.0,737294.0,2024-03-28
1067,RPAY,11.04,11.06,10.72,10.78,454547.0,2024-04-01
1068,RPAY,10.63,10.655,10.275,10.35,845928.0,2024-04-02
1069,RPAY,10.28,10.49,10.125,10.47,566661.0,2024-04-03
1070,RPAY,10.65,10.65,10.09,10.13,454275.0,2024-04-04
1071,RPAY,10.13,10.2,10.03,10.07,384633.0,2024-04-05
1072,RPAY,10.2,10.535,10.12,10.29,410481.0,2024-04-08
1073,RPAY,10.29,10.34,10.22,10.31,332452.0,2024-04-09
1074,RPAY,9.94,10.07,9.84,9.92,431090.0,2024-04-10
1075,RPAY,9.97,10.0,9.795,9.88,695942.0,2024-04-11
1076,RPAY,9.83,10.03,9.81,9.98,307921.0,2024-04-12
1077,RPAY,9.99,10.04,9.5,9.57,353042.0,2024-04-15
1078,RPAY,9.48,9.53,9.36,9.4,339176.0,2024-04-16
1079,RPAY,9.53,9.57,9.36,9.53,410036.0,2024-04-17
1080,RPAY,9.58,9.59,9.43,9.5,459621.0,2024-04-18
1081,RPAY,9.44,9.69,9.44,9.63,440149.0,2024-04-19
1082,RPAY,9.72,9.755,9.51,9.72,261628.0,2024-04-22
1083,RPAY,9.75,10.12,9.5505,10.08,503980.0,2024-04-23
1084,RPAY,9.97,10.015,9.82,9.94,470200.0,2024-04-24
1085,RPAY,9.75,10.03,9.59,10.01,306764.0,2024-04-25
1086,RPAY,10.03,10.23,9.98,10.17,681488.0,2024-04-26
1087,RPAY,10.25,10.44,9.985,10.08,552396.0,2024-04-29
1088,RPAY,9.97,10.31,9.92,10.17,598766.0,2024-04-30
1089,RPAY,10.11,10.37,10.0,10.16,758756.0,2024-05-01
1090,RPAY,10.29,10.525,10.235,10.39,563032.0,2024-05-02
1091,RPAY,10.57,10.57,10.25,10.33,325851.0,2024-05-03
1092,RPAY,10.39,10.82,10.32,10.8,886603.0,2024-05-06
1093,RPAY,10.81,11.005,10.64,10.95,510364.0,2024-05-07
1094,RPAY,10.83,11.04,10.785,10.97,442167.0,2024-05-08
1095,RPAY,11.04,11.04,10.35,10.58,1310456.0,2024-05-09
1096,RPAY,9.96,10.84,9.96,10.33,767628.0,2024-05-10
1097,RPAY,10.45,10.66,10.095,10.3,571569.0,2024-05-13
1098,RPAY,10.5,10.67,10.43,10.49,409517.0,2024-05-14
1099,RPAY,10.65,10.875,10.235,10.31,440352.0,2024-05-15
1100,RPAY,10.27,10.35,10.0325,10.09,410942.0,2024-05-16
1101,RPAY,10.17,10.22,10.08,10.18,562848.0,2024-05-17
1102,RPAY,10.16,10.415,10.15,10.21,415033.0,2024-05-20
1103,RPAY,10.16,10.2,10.02,10.08,427119.0,2024-05-21
1104,RPAY,10.08,10.08,9.795,9.82,307622.0,2024-05-22
1105,RPAY,9.85,9.985,9.6603,9.83,334173.0,2024-05-23
1106,RPAY,9.88,9.955,9.715,9.77,222844.0,2024-05-24
1107,RPAY,9.78,9.89,9.71,9.83,325037.0,2024-05-28
1108,RPAY,9.68,9.82,9.59,9.76,253021.0,2024-05-29
1109,RPAY,9.89,9.925,9.68,9.7,251672.0,2024-05-30
1110,RPAY,9.77,9.84,9.59,9.74,367729.0,2024-05-31
1111,RPAY,9.86,10.2,9.75,10.06,677004.0,2024-06-03
1112,RPAY,10.04,10.18,9.76,9.87,385125.0,2024-06-04
1113,RPAY,9.96,10.035,9.805,9.955,292137.0,2024-06-05
1114,RPAY,9.9,10.2,9.895,10.03,491082.0,2024-06-06
1115,RPAY,9.92,10.33,9.8,10.26,976358.0,2024-06-07
1116,RPAY,10.14,10.99,10.11,10.7,904548.0,2024-06-10
1117,RPAY,10.61,11.265,10.32,10.87,1515251.0,2024-06-11
1118,RPAY,11.18,11.24,10.77,11.0,700127.0,2024-06-12
1119,RPAY,10.97,10.97,10.55,10.66,862087.0,2024-06-13
1120,RPAY,10.51,10.665,10.385,10.6,343553.0,2024-06-14
1121,RPAY,10.59,10.87,10.34,10.8,485026.0,2024-06-17
1122,RPAY,10.81,10.93,10.71,10.74,344084.0,2024-06-18
1123,RPAY,10.65,10.75,10.565,10.69,524971.0,2024-06-20
1124,RPAY,10.67,10.775,10.44,10.5,1299961.0,2024-06-21
1125,RPAY,10.5,10.63,10.33,10.58,559479.0,2024-06-24
1126,RPAY,10.55,10.55,10.35,10.45,549911.0,2024-06-25
1127,RPAY,10.38,10.53,10.34,10.51,341228.0,2024-06-26
1128,RPAY,10.59,10.65,10.29,10.63,461712.0,2024-06-27
1129,RPAY,10.71,10.86,10.39,10.56,1815371.0,2024-06-28
1130,RPAY,10.56,10.6,10.06,10.43,921099.0,2024-07-01
1131,RPAY,10.43,10.585,10.15,10.21,814008.0,2024-07-02
1132,RPAY,8.56,9.475,8.53,9.42,9693442.0,2024-07-03
1133,RPAY,9.4,9.64,9.19,9.62,1817105.0,2024-07-05
1134,RPAY,9.69,9.75,9.305,9.69,3560873.0,2024-07-08
1135,RPAY,9.58,9.63,9.18,9.5,1610229.0,2024-07-09
1136,RPAY,9.56,9.57,9.11,9.17,4222680.0,2024-07-10
1137,RPAY,9.33,9.6,9.2764,9.49,1455158.0,2024-07-11
1138,RPAY,9.57,9.68,9.44,9.46,760851.0,2024-07-12
1139,RPAY,9.58,9.73,9.523,9.59,807002.0,2024-07-15
1140,RPAY,9.73,9.83,9.66,9.82,575020.0,2024-07-16
1141,RPAY,9.73,10.16,9.73,10.06,1578779.0,2024-07-17
1142,RPAY,9.99,10.0599,9.7,9.78,547614.0,2024-07-18
1143,RPAY,9.8,9.855,9.72,9.75,429522.0,2024-07-19
1144,RPAY,9.78,9.81,9.6,9.65,814353.0,2024-07-22
1145,RPAY,9.63,9.9,9.52,9.8,681349.0,2024-07-23
1146,RPAY,9.72,9.86,9.56,9.59,377462.0,2024-07-24
1147,RPAY,9.63,9.87,9.54,9.69,1378343.0,2024-07-25
1148,RPAY,9.81,9.93,9.795,9.92,475874.0,2024-07-26
1149,RPAY,9.96,10.02,9.81,9.85,382486.0,2024-07-29
1150,RPAY,9.9,9.9567,9.7,9.74,540424.0,2024-07-30
1151,RPAY,9.82,9.83,9.601,9.62,772962.0,2024-07-31
1152,RPAY,9.63,9.7,9.25,9.36,1083226.0,2024-08-01
1153,RPAY,9.08,9.23,8.69,9.23,1421236.0,2024-08-02
1154,RPAY,8.8,9.16,8.684,8.83,1405875.0,2024-08-05
1155,RPAY,8.79,8.98,8.53,8.85,779911.0,2024-08-06
1156,RPAY,9.02,9.03,8.515,8.66,1488462.0,2024-08-07
1157,RPAY,8.81,9.11,8.665,9.07,1479497.0,2024-08-08
1158,RPAY,8.71,8.805,8.07,8.15,1503057.0,2024-08-09
1159,RPAY,8.02,8.21,8.0,8.05,956751.0,2024-08-12
1160,RPAY,8.11,8.14,7.9,8.1,982771.0,2024-08-13
1161,RPAY,8.13,8.165,7.94,7.98,840239.0,2024-08-14
1162,RPAY,8.03,8.295,7.97,8.26,1937022.0,2024-08-15
1163,RPAY,8.24,8.41,8.22,8.24,1294175.0,2024-08-16
1164,RPAY,8.26,8.39,8.1,8.38,1432561.0,2024-08-19
1165,RPAY,8.39,8.51,8.245,8.3,1763133.0,2024-08-20
1166,RPAY,8.37,8.445,8.21,8.42,1221494.0,2024-08-21
1167,RPAY,8.39,8.51,8.29,8.35,1633288.0,2024-08-22
1168,RPAY,8.42,8.785,8.41,8.66,1678378.0,2024-08-23
1169,RPAY,8.73,8.915,8.57,8.6,1068901.0,2024-08-26
1170,RPAY,8.54,8.66,8.38,8.41,859143.0,2024-08-27
1171,RPAY,8.39,8.5,8.27,8.4,1260796.0,2024-08-28
1172,RPAY,8.45,8.56,8.39,8.44,959765.0,2024-08-29
1173,RPAY,8.48,8.61,8.36,8.46,1349209.0,2024-08-30
1174,RPAY,8.35,8.49,8.25,8.34,1582290.0,2024-09-03
1175,RPAY,8.31,8.435,8.22,8.3,1608386.0,2024-09-04
1176,RPAY,8.33,8.46,8.1,8.46,2352725.0,2024-09-05
1177,RPAY,8.43,8.51,8.02,8.02,1043319.0,2024-09-06
1178,RPAY,7.87,8.14,7.87,7.97,800367.0,2024-09-09
1179,RPAY,7.95,7.975,7.71,7.93,2967996.0,2024-09-10
1180,RPAY,7.88,7.94,7.66,7.86,819305.0,2024-09-11
1181,RPAY,7.91,7.99,7.795,7.86,944454.0,2024-09-12
1182,RPAY,7.93,8.11,7.9,8.06,540481.0,2024-09-13
1183,RPAY,8.09,8.14,7.96,8.05,531427.0,2024-09-16
